<movies xsi:noNamespaceSchemaLocation="movies.xsd" xmlns:xsi="http://www.w3.org/2001/XMLSchema-instance">
  <movie myStars="3">
    <title>The Fifth Element</title>
    <yearReleased>1997</yearReleased>
    <director>
      <familyName>Besson</familyName>
      <givenName>Luc</givenName>
    </director>
    <producer>
      <familyName>Amicarella</familyName>
      <givenName>John</givenName>
      <otherNames>C.</otherNames>
    </producer>
    <producer>
      <familyName>Ledoux</familyName>
      <givenName>Patrice</givenName>
    </producer>
    <producer>
      <familyName>Smith</familyName>
      <givenName>Iain</givenName>
    </producer>
    <runningTime>126</runningTime>
    <studio>Tristar Studios</studio>
    <cast>
      <familyName>Willis</familyName>
      <givenName>Bruce</givenName>
      <maleOrFemale>male</maleOrFemale>
      <character>Korben Dallas</character>
    </cast>
    <cast>
      <familyName>Oldman</familyName>
      <givenName>Gary</givenName>
      <maleOrFemale>male</maleOrFemale>
      <character>Jean-Baptiste Emanuel Zorg</character>
    </cast>
    <cast>
      <familyName>Holm</familyName>
      <givenName>Ian</givenName>
      <maleOrFemale>male</maleOrFemale>
      <character>Vito Cornelius</character>
    </cast>
    <cast>
      <familyName>Jovovich</familyName>
      <givenName>Milla</givenName>
      <maleOrFemale>female</maleOrFemale>
      <character>Leeloo</character>
    </cast>
    <cast>
      <familyName>Tucker</familyName>
      <givenName>Chris</givenName>
      <maleOrFemale>male</maleOrFemale>
      <character>Ruby Rhod</character>
    </cast>
    <sound>
      <dolbyDigital5.1>true</dolbyDigital5.1>
      <DTS5.1>true</DTS5.1>
      <THX>true</THX>
      <otherSound>English 2-channel, Spanish</otherSound>
    </sound>
    <aspectRatio>2.35:1</aspectRatio>
    <writer>
      <familyName>Besson</familyName>
      <givenName>Luc</givenName>
      <storyOrScreenplay>story</storyOrScreenplay>
    </writer>
    <writer>
      <familyName>Besson</familyName>
      <givenName>Luc</givenName>
      <storyOrScreenplay>screenplay</storyOrScreenplay>
    </writer>
    <writer>
      <familyName>Kamen</familyName>
      <givenName>Robert</givenName>
      <otherNames>Mark</otherNames>
      <storyOrScreenplay>screenplay</storyOrScreenplay>
    </writer>
    <tagLine>It must be found</tagLine>
    <plotSummary>Two hundred and fifty years in the future, life as we know it is threatened by the arrival of Evil. Only the fifth element (played by Milla Jovovich) can stop the Evil from extinguishing life, as it tries to do every five thousand years. She is helped by ex-soldier, current-cab-driver, Corben Dallas (played by Bruce Willis), who is, in turn, helped by Prince/Arsenio clone, Ruby Rhod. Unfortunately, Evil is being assisted by Mr. Zorg (Gary Oldman), who seeks to profit from the chaos that Evil will bring, and his alien mercenaries. </plotSummary>
    <MPAArating>PG-13</MPAArating>
  </movie>
  <movie myStars="5">
    <title>An American Werewolf in London</title>
    <yearReleased>1981</yearReleased>
    <director>
      <familyName>Landis</familyName>
      <givenName>John</givenName>
    </director>
    <producer>
      <familyName>Folsey</familyName>
      <givenName>George, Jr.</givenName>
      <otherNames/>
    </producer>
    <producer>
      <familyName>Guber</familyName>
      <givenName>Peter</givenName>
      <otherNames/>
    </producer>
    <producer>
      <familyName>Peters</familyName>
      <givenName>Jon</givenName>
      <otherNames/>
    </producer>
    <runningTime>98</runningTime>
    <studio>Universal Studios</studio>
    <cast>
      <familyName>Naughton</familyName>
      <givenName>David</givenName>
      <maleOrFemale>male</maleOrFemale>
      <character>David Kessler</character>
    </cast>
    <cast>
      <familyName>Agutter</familyName>
      <givenName>Jenny</givenName>
      <maleOrFemale>female</maleOrFemale>
      <character>Alex Price</character>
    </cast>
    <cast>
      <familyName>Dunne</familyName>
      <givenName>Griffin</givenName>
      <maleOrFemale>male</maleOrFemale>
      <character>Jack Goodman</character>
    </cast>
    <cast>
      <familyName>Woodvine</familyName>
      <givenName>John</givenName>
      <maleOrFemale>male</maleOrFemale>
      <character>Dr. Hirsch</character>
    </cast>
    <sound>
      <dolbyDigital5.1>true</dolbyDigital5.1>
      <DTS5.1>true</DTS5.1>
      <THX>false</THX>
      <otherSound>Mono</otherSound>
    </sound>
    <aspectRatio>1.85:1</aspectRatio>
    <writer>
      <familyName>Landis</familyName>
      <givenName>John</givenName>
      <storyOrScreenplay>screenplay</storyOrScreenplay>
    </writer>
    <tagLine>From the director of Animal House - - a different kind of animal. </tagLine>
    <plotSummary>It's a rainy night on the Welsh moors.  Two American students on a walking tour of Europe trudge on to the next town, when suddenly the air is pierced by an unearthly howl... Three weeks later, one is dead, the other is in the hospital and the nightmare begins for An American Werewolf in London.</plotSummary>
    <MPAArating>R</MPAArating>
  </movie>
  <movie myStars="3">
    <title>American Graffiti</title>
    <yearReleased>1973</yearReleased>
    <director>
      <familyName>Lucas</familyName>
      <givenName>George</givenName>
    </director>
    <producer>
      <familyName>Coppola</familyName>
      <givenName>Francis Ford</givenName>
      <otherNames/>
    </producer>
    <producer>
      <familyName>Kurtz</familyName>
      <givenName>Gary</givenName>
      <otherNames/>
    </producer>
    <runningTime>110</runningTime>
    <studio>Universal Studios</studio>
    <cast>
      <familyName>Dreyfuss</familyName>
      <givenName>Richard</givenName>
      <maleOrFemale>male</maleOrFemale>
      <character>Curt Henderson</character>
    </cast>
    <cast>
      <familyName>Howard</familyName>
      <givenName>Ronny</givenName>
      <maleOrFemale>male</maleOrFemale>
      <character>Steve Bolander</character>
    </cast>
    <cast>
      <familyName>Le Mat</familyName>
      <givenName>Paul</givenName>
      <maleOrFemale>male</maleOrFemale>
      <character>John Milner</character>
    </cast>
    <cast>
      <familyName>Smith</familyName>
      <givenName>Charlie Martin</givenName>
      <maleOrFemale>male</maleOrFemale>
      <character>Terry "The Toad" Fields</character>
    </cast>
    <sound>
      <dolbyDigital5.1>false</dolbyDigital5.1>
      <DTS5.1>false</DTS5.1>
      <THX>true</THX>
      <otherSound>Dolby Surround, French 2-channel</otherSound>
    </sound>
    <aspectRatio>2.35:1</aspectRatio>
    <writer>
      <familyName>Lucas</familyName>
      <givenName>George</givenName>
      <storyOrScreenplay>screenplay</storyOrScreenplay>
    </writer>
    <writer>
      <familyName>Katz</familyName>
      <givenName>Gloria</givenName>
      <storyOrScreenplay>screenplay</storyOrScreenplay>
    </writer>
    <writer>
      <familyName>Huyck</familyName>
      <givenName>Willard</givenName>
      <storyOrScreenplay>screenplay</storyOrScreenplay>
    </writer>
    <tagLine>Where were you in '62?</tagLine>
    <plotSummary>The coming of age of four teenagers on their last summer night before college.</plotSummary>
    <MPAArating>PG</MPAArating>
  </movie>
  <movie myStars="5">
    <title>American Beauty</title>
    <yearReleased>1999</yearReleased>
    <director>
      <familyName>Mendes</familyName>
      <givenName>Sam</givenName>
    </director>
    <producer>
      <familyName>Cohen</familyName>
      <givenName>Bruce</givenName>
      <otherNames/>
    </producer>
    <producer>
      <familyName>Jinks</familyName>
      <givenName>Dan</givenName>
      <otherNames/>
    </producer>
    <runningTime>121</runningTime>
    <cast>
      <familyName>Spacey</familyName>
      <givenName>Kevin</givenName>
      <maleOrFemale>male</maleOrFemale>
      <character>Lester Burnham</character>
    </cast>
    <cast>
      <familyName>Bening</familyName>
      <givenName>Annette</givenName>
      <maleOrFemale>female</maleOrFemale>
      <character>Carolyn Burnham</character>
    </cast>
    <cast>
      <familyName>Birch</familyName>
      <givenName>Thora</givenName>
      <maleOrFemale>female</maleOrFemale>
      <character>Jane Burnham</character>
    </cast>
    <cast>
      <familyName>Suvari</familyName>
      <givenName>Mena</givenName>
      <maleOrFemale>female</maleOrFemale>
      <character>Angela Hayes</character>
    </cast>
    <cast>
      <familyName>Bentley</familyName>
      <givenName>Wes</givenName>
      <maleOrFemale>male</maleOrFemale>
      <character>Ricky Fitts</character>
    </cast>
    <sound>
      <dolbyDigital5.1>true</dolbyDigital5.1>
      <DTS5.1>true</DTS5.1>
      <THX>false</THX>
      <otherSound>Dolby Surround</otherSound>
    </sound>
    <aspectRatio>2.35:1</aspectRatio>
    <writer>
      <familyName>Ball</familyName>
      <givenName>Alan</givenName>
      <storyOrScreenplay>screenplay</storyOrScreenplay>
    </writer>
    <tagLine>...look closer</tagLine>
    <plotSummary>A man tells his tale of how he turned his miserable life around and turned everyone else's upside down as a result.</plotSummary>
    <MPAArating>R</MPAArating>
  </movie>
  <movie myStars="2">
    <title>Air Force One</title>
    <yearReleased>1997</yearReleased>
    <director>
      <familyName>Peterson</familyName>
      <givenName>Wolfgang</givenName>
    </director>
    <producer>
      <familyName>Bernstein</familyName>
      <givenName>Armyan</givenName>
      <otherNames/>
    </producer>
    <producer>
      <familyName>Peterson</familyName>
      <givenName>Wolfgang</givenName>
      <otherNames/>
    </producer>
    <producer>
      <familyName>Katz</familyName>
      <givenName>Gail</givenName>
      <otherNames/>
    </producer>
    <producer>
      <familyName>Shestack</familyName>
      <givenName>Jon</givenName>
      <otherNames/>
    </producer>
    <runningTime>124</runningTime>
    <cast>
      <familyName>Ford</familyName>
      <givenName>Harrison</givenName>
      <maleOrFemale>male</maleOrFemale>
      <character>James Marshall</character>
    </cast>
    <cast>
      <familyName>Oldman</familyName>
      <givenName>Gary</givenName>
      <maleOrFemale>male</maleOrFemale>
      <character>Egor Korshunov </character>
    </cast>
    <cast>
      <familyName>Close</familyName>
      <givenName>Glenn</givenName>
      <maleOrFemale>female</maleOrFemale>
      <character>Kathryn Bennett</character>
    </cast>
    <cast>
      <familyName>Macy</familyName>
      <givenName>William H.</givenName>
      <maleOrFemale>male</maleOrFemale>
      <character>Major Caldwell</character>
    </cast>
    <cast>
      <familyName>Matthews</familyName>
      <givenName>Liesel</givenName>
      <maleOrFemale>female</maleOrFemale>
      <character>Alice Marshall</character>
    </cast>
    <cast>
      <familyName>Crewson</familyName>
      <givenName>Wendy</givenName>
      <maleOrFemale>female</maleOrFemale>
      <character>Grace Marshall</character>
    </cast>
    <sound>
      <dolbyDigital5.1>true</dolbyDigital5.1>
      <DTS5.1>false</DTS5.1>
      <THX>false</THX>
      <otherSound>English 2-channel, French, Spanish</otherSound>
    </sound>
    <aspectRatio>2.35:1</aspectRatio>
    <writer>
      <familyName>Marlowe</familyName>
      <givenName>Andrew W.</givenName>
      <storyOrScreenplay>screenplay</storyOrScreenplay>
    </writer>
    <tagLine>The fate of the nation rests on the courage of one man.</tagLine>
    <plotSummary>A gripping thriller about a steadfast U.S. President who has just told the world he will not negotiate with terrorists.  Now, Russian neo-nationalists have hijacked Air Force One, and the President is faced with a nearly impossible decision - give in to the terrorists demands or sacrifice not only the country's dignity, but the lives of his wife and daughter.  </plotSummary>
    <MPAArating>R</MPAArating>
  </movie>
  <movie myStars="4">
    <title>Alien</title>
    <yearReleased>1979</yearReleased>
    <director>
      <familyName>Scott</familyName>
      <givenName>Ridley</givenName>
    </director>
    <producer>
      <familyName>Carroll</familyName>
      <givenName>Gordon</givenName>
      <otherNames/>
    </producer>
    <producer>
      <familyName>Giler</familyName>
      <givenName>David</givenName>
      <otherNames/>
    </producer>
    <runningTime>117</runningTime>
    <studio>20th Century Fox</studio>
    <cast>
      <familyName>Weaver</familyName>
      <givenName>Sigourney</givenName>
      <maleOrFemale>female</maleOrFemale>
      <character>Ellen Ripley</character>
    </cast>
    <cast>
      <familyName>Skerritt</familyName>
      <givenName>Tom</givenName>
      <maleOrFemale>male</maleOrFemale>
      <character>A. Dallas</character>
    </cast>
    <cast>
      <familyName>Cartwright</familyName>
      <givenName>Veronica</givenName>
      <maleOrFemale>female</maleOrFemale>
      <character>J. Lambert</character>
    </cast>
    <cast>
      <familyName>Stanton</familyName>
      <givenName>Harry Dean</givenName>
      <maleOrFemale>male</maleOrFemale>
      <character>S. E. Brett</character>
    </cast>
    <cast>
      <familyName>Hurt</familyName>
      <givenName>John</givenName>
      <maleOrFemale>male</maleOrFemale>
      <character>G. E. Kanet</character>
    </cast>
    <sound>
      <dolbyDigital5.1>true</dolbyDigital5.1>
      <DTS5.1>false</DTS5.1>
      <THX>true</THX>
      <otherSound>Dolby Surround, French Surround</otherSound>
    </sound>
    <aspectRatio>2.35:1</aspectRatio>
    <writer>
      <familyName>O'Bannon</familyName>
      <givenName>Dan</givenName>
      <storyOrScreenplay>story</storyOrScreenplay>
    </writer>
    <writer>
      <familyName>Shusett</familyName>
      <givenName>Ronald</givenName>
      <storyOrScreenplay>story</storyOrScreenplay>
    </writer>
    <tagLine>In space no one can hear you scream.</tagLine>
    <plotSummary>The terror begins when the crew of the spaceship Nostromo investigates a transmission from a desolate planet and makes a horrifying discovery - a life form that breeds within a human host.  Now the crew must fight not only for its own survival, but for the survival of <emph>all mankind</emph>.</plotSummary>
    <MPAArating>R</MPAArating>
  </movie>
  <movie myStars="4">
    <title>Aliens</title>
    <yearReleased>1986</yearReleased>
    <director>
      <familyName>Cameron</familyName>
      <givenName>James</givenName>
    </director>
    <producer>
      <familyName>Hurd</familyName>
      <givenName>Gale Ann</givenName>
      <otherNames/>
    </producer>
    <runningTime>154</runningTime>
    <studio>20th Century Fox</studio>
    <cast>
      <familyName>Weaver</familyName>
      <givenName>Sigourney</givenName>
      <maleOrFemale>female</maleOrFemale>
      <character>Ellen Ripley</character>
    </cast>
    <cast>
      <familyName>Biehn</familyName>
      <givenName>Micheal</givenName>
      <maleOrFemale>male</maleOrFemale>
      <character>Dwayne Hicks</character>
    </cast>
    <cast>
      <familyName>Reiser</familyName>
      <givenName>Paul</givenName>
      <maleOrFemale>male</maleOrFemale>
      <character>Carter J. Burke</character>
    </cast>
    <sound>
      <dolbyDigital5.1>true</dolbyDigital5.1>
      <DTS5.1>false</DTS5.1>
      <THX>true</THX>
      <otherSound>Dolby Surround</otherSound>
    </sound>
    <aspectRatio>1.85:1</aspectRatio>
    <writer>
      <familyName>Cameron</familyName>
      <givenName>James</givenName>
      <storyOrScreenplay>story</storyOrScreenplay>
    </writer>
    <writer>
      <familyName>Giler</familyName>
      <givenName>David</givenName>
      <storyOrScreenplay>story</storyOrScreenplay>
    </writer>
    <writer>
      <familyName>Hill</familyName>
      <givenName>Walter</givenName>
      <storyOrScreenplay>story</storyOrScreenplay>
    </writer>
    <tagLine>This time it's war.</tagLine>
    <plotSummary>As the only survivor from mankind's first encounter with the monstrous <emph>Alien</emph>, Ripley's account of the Alien and the fate of her crew are recieved with skepticism - until the mysterious disappearance of colonists on LV-426 lead her to join a team of high-tech colonial marines sent in to investigate.  </plotSummary>
    <MPAArating>R</MPAArating>
  </movie>
  <movie myStars="4">
    <title>Alien 3</title>
    <yearReleased>1992</yearReleased>
    <director>
      <familyName>Fincher</familyName>
      <givenName>David</givenName>
    </director>
    <producer>
      <familyName>Carroll</familyName>
      <givenName>Gordon</givenName>
      <otherNames/>
    </producer>
    <producer>
      <familyName>Giler</familyName>
      <givenName>David</givenName>
      <otherNames/>
    </producer>
    <producer>
      <familyName>Hill</familyName>
      <givenName>Walter</givenName>
      <otherNames/>
    </producer>
    <runningTime>115</runningTime>
    <studio>20th Century Fox</studio>
    <cast>
      <familyName>Weaver</familyName>
      <givenName>Sigourney</givenName>
      <maleOrFemale>female</maleOrFemale>
      <character>Ellen Ripley</character>
    </cast>
    <cast>
      <familyName>Henriksen</familyName>
      <givenName>Lance</givenName>
      <maleOrFemale>male</maleOrFemale>
      <character>Bishop II</character>
    </cast>
    <cast>
      <familyName>Dutton</familyName>
      <givenName>Charles S.</givenName>
      <maleOrFemale>male</maleOrFemale>
      <character>Dillon</character>
    </cast>
    <sound>
      <dolbyDigital5.1>true</dolbyDigital5.1>
      <DTS5.1>false</DTS5.1>
      <THX>true</THX>
      <otherSound>Dolby Surround, French</otherSound>
    </sound>
    <aspectRatio>2.35:1</aspectRatio>
    <writer>
      <familyName>Ward</familyName>
      <givenName>Vincent</givenName>
      <storyOrScreenplay>story</storyOrScreenplay>
    </writer>
    <writer>
      <familyName>Giler</familyName>
      <givenName>David</givenName>
      <storyOrScreenplay>screenplay</storyOrScreenplay>
    </writer>
    <tagLine>The bitch is back</tagLine>
    <plotSummary>Lt. Ripley is the lone survivor when her crippled spaceship crash lands on Fiorina 161, a bleak wasteland inhabited by former inmates of the planet's maximum security prison.  Ripley's fears that an Alien was aboard her craft are confirmed when the <emph>mutilated bodies</emph> of ex-cons begin to mount.  Without weapons or modern technology of any kind, Ripley must lead the men into battle against the terrifying creature.  And soon she discovers a horrifying fact about her link with the Alien, a realization that may compel Ripley to try destroying not only the horrific creature, but herself as well.</plotSummary>
    <MPAArating>R</MPAArating>
  </movie>
  <movie myStars="3">
    <title>Alien Resurrection</title>
    <yearReleased>1997</yearReleased>
    <director>
      <familyName>Jeunet</familyName>
      <givenName>Jean-Pierre</givenName>
    </director>
    <producer>
      <familyName>Badalato</familyName>
      <givenName>Bill</givenName>
      <otherNames/>
    </producer>
    <producer>
      <familyName>Carroll</familyName>
      <givenName>Gordon</givenName>
      <otherNames/>
    </producer>
    <producer>
      <familyName>Giler</familyName>
      <givenName>David</givenName>
      <otherNames/>
    </producer>
    <producer>
      <familyName>Hill</familyName>
      <givenName>Walter</givenName>
      <otherNames/>
    </producer>
    <runningTime>108</runningTime>
    <studio>20th Century Fox</studio>
    <cast>
      <familyName>Weaver</familyName>
      <givenName>Sigourney</givenName>
      <maleOrFemale>female</maleOrFemale>
      <character>Ellen Ripley</character>
    </cast>
    <cast>
      <familyName>Ryder</familyName>
      <givenName>Winina</givenName>
      <maleOrFemale>female</maleOrFemale>
      <character>Annalee Call</character>
    </cast>
    <cast>
      <familyName>Perlman</familyName>
      <givenName>Ron</givenName>
      <maleOrFemale>male</maleOrFemale>
      <character>Johner</character>
    </cast>
    <sound>
      <dolbyDigital5.1>true</dolbyDigital5.1>
      <DTS5.1>false</DTS5.1>
      <THX>true</THX>
      <otherSound>Dolby Surround, French</otherSound>
    </sound>
    <aspectRatio>2.35:1</aspectRatio>
    <writer>
      <familyName>Whedon</familyName>
      <givenName>Joss</givenName>
      <storyOrScreenplay>screenplay</storyOrScreenplay>
    </writer>
    <tagLine>Witness the resurrection</tagLine>
    <plotSummary>Ellen Ripley died fighting the perfect predator.  Two hundred years and eight horrific experiments later, she's back.  A group of scientists has <emph>cloned</emph> her - along with the alien queen inside her - hoping to breed the ultimate weapon.  But the resurrected Ripley is full of surprises for her "creators," as are the aliens.  And soon, a lot more than "all hell" breaks loose!   To combat the creatures, Ripley must team up with a band of smugglers, including a mechanic named Call, who holds more than a few surprises of her own.</plotSummary>
    <MPAArating>R</MPAArating>
  </movie>
  <movie myStars="5">
    <title>Animal House</title>
    <yearReleased>1978</yearReleased>
    <director>
      <familyName>Landis</familyName>
      <givenName>John</givenName>
    </director>
    <producer>
      <familyName>Simmons</familyName>
      <givenName>Matty</givenName>
      <otherNames/>
    </producer>
    <producer>
      <familyName>Reitman</familyName>
      <givenName>Ivan</givenName>
      <otherNames/>
    </producer>
    <runningTime>109</runningTime>
    <cast>
      <familyName>Belushi</familyName>
      <givenName>John</givenName>
      <maleOrFemale>male</maleOrFemale>
      <character>John 'Bluto' Blutarsky </character>
    </cast>
    <cast>
      <familyName>Matheson</familyName>
      <givenName>Tim</givenName>
      <maleOrFemale>male</maleOrFemale>
      <character>Eric 'Otter' Stratton</character>
    </cast>
    <cast>
      <familyName>Vernon</familyName>
      <givenName>John</givenName>
      <maleOrFemale>male</maleOrFemale>
      <character>Vernon Wormer </character>
    </cast>
    <sound>
      <dolbyDigital5.1>false</dolbyDigital5.1>
      <DTS5.1>false</DTS5.1>
      <THX>false</THX>
      <otherSound>English 2-channel mono, French 2-channel mono, Spanish 2-channel mono </otherSound>
    </sound>
    <aspectRatio>1.85:1</aspectRatio>
    <writer>
      <familyName>Kenney</familyName>
      <givenName>Douglas</givenName>
      <storyOrScreenplay>screenplay</storyOrScreenplay>
    </writer>
    <writer>
      <familyName>Ramis</familyName>
      <givenName>Harold</givenName>
      <storyOrScreenplay>screenplay</storyOrScreenplay>
    </writer>
    <writer>
      <familyName>Miller</familyName>
      <givenName>Chris</givenName>
      <storyOrScreenplay>screenplay</storyOrScreenplay>
    </writer>
    <tagLine>It was the Deltas against the rules... the rules lost!</tagLine>
    <plotSummary>At a 1962 College, Dean Vernon Wormer is determined to expel the Delta House Fraternity, but those roughhousers have other plans for him. </plotSummary>
    <MPAArating>R</MPAArating>
  </movie>
</movies>

