<reviews>
  <review>
    <medium>movie</medium>
    <title>An American Werewolf in London</title>
    <yearReleased>1981</yearReleased>
    <rating>5</rating>
    <text>Great cast, great movie.</text>
  </review>
  <review>
    <medium>movie</medium>
    <title>An American Werewolf in London</title>
    <yearReleased>1981</yearReleased>
    <rating>5</rating>
    <text>An excellent movie.</text>
  </review>
  <review>
    <medium>movie</medium>
    <title>An American Werewolf in London</title>
    <yearReleased>1981</yearReleased>
    <rating>5</rating>
    <text>Jenny Agutter should have won an Oscar.</text>
  </review>
  <review>
    <medium>movie</medium>
    <title>An American Werewolf in London</title>
    <yearReleased>1981</yearReleased>
    <rating>5</rating>
    <text>One of my favorites.</text>
  </review>
  <review>
    <medium>movie</medium>
    <title>Animal House</title>
    <yearReleased>1978</yearReleased>
   <rating>5</rating>
    <text>Excellent cult movie.</text>
  </review>
  <review>
    <medium>movie</medium>
    <title>Animal House</title>
    <yearReleased>1978</yearReleased>
    <rating>3</rating>
    <text>Pretty good.</text>
  </review>
  <review>
    <medium>movie</medium>
    <title>Animal House</title>
    <yearReleased>1978</yearReleased>
    <rating>4</rating>
    <text>John Belushi at his best.</text>
  </review>
  <review>
    <medium>movie</medium>
    <title>Animal House</title>
    <yearReleased>1978</yearReleased>
    <rating>2</rating>
    <text>This movie is awful.</text>
  </review>
</reviews>

